ip,mac,host,hash,date
204.197.238.118,1C:D2:3B:14:C6:83,DerekVasquez-PC,e0b5a6fac034610e9469d5c9b233edb04fb83647,19/3/2088
54.17.1.247,08:6F:00:2A:67:F3,SarahAbbott-PC,6dcf503de4fae13fdcf93d8180e43b3e208f249d,17/10/2097
163.122.161.138,FE:20:0F:4E:1B:07,JeromePerkins-PC,79b2beb5163c8240f25e627be8408dd17fb21713,10/9/2092
60.134.220.170,B9:8E:FD:0F:3C:7E,MarthaHolland-PC,b2217d4bfc5494b0c39f4c0a0debe2b0867efbe9,1/1/2035
117.137.121.73,02:A1:19:25:AD:3F,DeanCrawford-PC,54b61c92b09b7d8732c177bbf15e7c6d966b8488,17/11/2077
113.113.167.89,9C:6C:AA:4C:98:86,SylviaYoung-PC,8f329e2b69596338f95ffb1f59a58f0ba1ca4b7d,18/6/2102
90.86.81.74,2A:7F:24:84:3F:7E,BettyCarpenter-PC,f376a9032bbb2c4663c3b5d1d9a64ee8400eabe8,15/11/2104
100.109.39.253,A4:E4:9D:B8:56:4F,GertrudeHenry-PC,68ea05a00071e63014d28c0460825da9c75ba336,28/7/2076
105.110.20.112,B4:34:F9:11:C9:FD,JosieMack-PC,8b429db8ba49fd0e143a76cc7c1496aa3e27cef4,25/7/2064
59.34.239.45,29:10:52:23:4A:97,JonMoss-PC,3b3606455d954d201ad89d1621eaf915a8200a6c,17/2/2034
166.28.249.8,DC:EF:62:69:BD:55,AugustaRamsey-PC,7910e99db8f3c96b6051417e0fc9cb054b61fe3e,7/6/2080
147.76.28.140,9C:2C:3C:13:9B:E3,ChrisRichardson-PC,7f885e6a06cd9e7b6bb9fe293a99f0f26cdaa74b,26/12/2042
